year,gross_advances,net_advances,gross_npa_amt,gnpa_pct_advances,gnpa_pct_assets,net_npa_amt,nnpa_pct_advances,nnpa_pct_assets,year_int,bank_group
1996-97,301698,276421,47300,15.7,7,22340,8.1,3.3,1996,All SCBs
1997-98,352696,325522,50815,14.4,6.4,23761,7.3,3,1997,All SCBs
1998-99,399436,367012,58722,14.7,6.2,28020,7.6,2.9,1998,All SCBs
1999-00,475113,444292,60408,12.7,5.5,30073,6.8,2.7,1999,All SCBs
2000-01,558766,526328,63741,11.4,4.9,32461,6.2,2.5,2000,All SCBs
2001-02,680958,645859,70861,10.4,4.6,35554,5.5,2.3,2001,All SCBs
2002-03,778043,740473,68717,8.8,4.1,29692,4,1.8,2002,All SCBs
2003-04,902026,862643,64812,7.2,3.3,24396,2.8,1.2,2003,All SCBs
2004-05,1167684,1150836,59373,5.1,2.5,21754,1.89028,0.9,2004,All SCBs
2005-06,1545730,1516811,51097,3.3,1.8,18543,1.2225,0.7,2005,All SCBs
2006-07,2007413,1981237,50487,2.5,1.5,20281,1.0236,0.6,2006,All SCBs
2007-08,2503431,2476936,56309,2.2,1.3,24730,0.99841,0.6,2007,All SCBs
2008-09,3037585.633,2999924,68328,2.2,1.3,31564,1.05216,0.6,2008,All SCBs
2009-10,3544999.891,3497054,84698,2.4,1.4,38723,1.11895,0.6,2009,All SCBs
2010-11,4357548,4298704,97973,2.2,1.4,41799,1,0.6,2010,All SCBs
2011-12,5158878,5073559,142903,2.8,1.7,65205,1.3,0.8,2011,All SCBs
2012-13,5988277,5879773,194053,3.2,2,98693,1.7,1,2012,All SCBs
2013-14,6875748,6735213,263362,3.8,2.4,142421,2.1,1.3,2013,All SCBs
2014-15,7559760,7388160,323335,4.3,2.7,175841,2.4,1.5,2014,All SCBs
2015-16,8173121,7896467,611947,7.5,4.7,349814,4.4,2.7,2015,All SCBs
2016-17,8492565,8116109,791791,9.3,5.6,433121,5.3,3.1,2016,All SCBs
2017-18,9266210,8745997,1039679,11.2,6.8,520838,6,3.4,2017,All SCBs
2018-19,10294463,9676183,936474,9.1,5.6,355068,3.7,2.1,2018,All SCBs
2019-20,10918918,10301897,899803,8.2,5,289370,2.8,1.6,2019,All SCBs
2020-21,11399608,10806381,835138,7.3,4.3,258050,2.4,1.3,2020,All SCBs
2021-22,12750005.88,12198767.37,743639.6871,5.832465,3.4,204230.9038,1.674193,0.9,2021,All SCBs
2022-23,14756637.36,14319352.43,571545.5407,3.873142,2.4,135319.7062,0.945013,0.6,2022,All SCBs
2023-24,17508589.83,17142339.56,480818.2938,2.746185,1.7,106732.3205,0.622624,0.4,2023,All SCBs
1996-97,244214,220922,43577,17.8,7.8,20285,9.2,3.6,1996,Public Sector
1997-98,284971,260459,45653,16,7,21232,8.2,3.3,1997,Public Sector
1998-99,325328,297789,51710,15.9,6.7,24211,8.1,3.1,1998,Public Sector
1999-00,379461,352714,53033,14,6,26187,7.4,2.9,1999,Public Sector
2000-01,442134,415207,54672,12.4,5.3,27977,6.7,2.7,2000,Public Sector
2001-02,509368,480681,56473,11.1,4.9,27958,5.8,2.4,2001,Public Sector
2002-03,577813,549351,54090,9.4,4.2,24877,4.5,1.9,2002,Public Sector
2003-04,661975,631383,51537,7.8,3.5,19335,3.1,1.3,2003,Public Sector
2004-05,870851,854214,48399,5.6,2.7,16904,1.98,1,2004,Public Sector
2005-06,1134724,1106288,41358,3.6,2.1,14566,1.3,0.7,2005,Public Sector
2006-07,1464495,1440146,38968,2.7,1.6,15325,1.1,0.6,2006,Public Sector
2007-08,1819074,1797401,40452,2.2,1.3,17836,1,0.6,2007,Public Sector
2008-09,2282825.292,2259212,44957,2,1.2,21155,0.9,0.6,2008,Public Sector
2009-10,2733458.145,2701300,59926,2.2,1.3,29375,1.09,0.7,2009,Public Sector
2010-11,3346450,3305632,74664,2.2,1.4,36055,1.1,0.7,2010,Public Sector
2011-12,3942732,3877308,117839,3,2,59391,1.5,1,2011,Public Sector
2012-13,4560169,4472845,165006,3.6,2.4,90037,2,1.3,2012,Public Sector
2013-14,5215920,5101137,227264,4.4,2.9,130394,2.6,1.6,2013,Public Sector
2014-15,5615793,5476250,278468,5,3.2,159951,2.9,1.8,2014,Public Sector
2015-16,5823907,5593577,539956,9.3,5.9,320376,5.7,3.5,2015,Public Sector
2016-17,5874849,5557232,684732,11.7,7,383089,6.9,3.9,2016,Public Sector
2017-18,6141698,5697350,895601,14.6,8.9,454473,8,4.5,2017,Public Sector
2018-19,6382461,5892667,739541,11.6,7.3,285122,4.8,2.8,2018,Public Sector
2019-20,6615112,6158112,678317,10.3,6.3,230918,3.7,2.1,2019,Public Sector
2020-21,6770363,6347417,616616,9.1,5.3,196451,3.1,1.7,2020,Public Sector
2021-22,7433006.34,7043940.217,542173.823,7.294139,4.3,154745.38,2.196858,1.2,2021,Public Sector
2022-23,8610114.7,8283763.086,428196.9994,4.973186,3.1,102531.544,1.237741,0.7,2022,Public Sector
2023-24,9773487.66,9506329.037,339541.2994,3.474106,2.2,72543.85015,0.763111,0.5,2023,Public Sector
1996-97,8257,7814,217,2.6,1.3,154,2,1,1996,Private Sector
1997-98,11173,11058,392,3.5,1.5,291,2.6,1.1,1997,Private Sector
1998-99,14070,13714,871,6.2,2.3,611,4.5,1.6,1998,Private Sector
1999-00,22816,22156,946,4.1,1.6,638,2.9,1.1,1999,Private Sector
2000-01,31499,30163,1617,5.1,2.1,929,3.1,1.2,2000,Private Sector
2001-02,79200.7641,74555,6821,8.61229,3.9,3663,4.91315,2.1,2001,Private Sector
2002-03,99886.7612,89515,7492,7.50049,3.9,4335,4.84276,2.3,2002,Private Sector
2003-04,119511,115147,4517,3.77957,1.8,2717,2.35959,1.1,2003,Private Sector
2004-05,155577.3548,153119,4336,2.78704,1.5,2240,1.46291,0.8,2004,Private Sector
2005-06,232535.8598,230005,4051,1.7421,1,1795,0.78042,0.4,2005,Private Sector
2006-07,325273.3933,321865,6286,1.93253,1.1,3136,0.97432,0.5,2006,Private Sector
2007-08,412440.5218,406732,10440,2.53127,1.4,4907,1.20645,0.7,2007,Private Sector
2008-09,454713.2053,446999.1274,13854,3.04676,1.7,6252,1.39866,0.8,2008,Private Sector
2009-10,487712.9102,478358,14017,2.87403,1.6,5234,1.09416,0.6,2009,Private Sector
2010-11,624484,612886,14500,2.3,1.3,3400,0.6,0.3,2010,Private Sector
2011-12,748500,736300,14500,1.9,1.1,3000,0.4,0.2,2011,Private Sector
2012-13,886023,873252,15800,1.8,1,3900,0.4,0.3,2012,Private Sector
2013-14,1360253,1342935,24542,1.8,1.1,8862,0.7,0.4,2013,Private Sector
2014-15,1607329,1584312,34106,2.1,1.3,14128,0.9,0.5,2014,Private Sector
2015-16,1972608,1939339,56186,2.8,1.8,26677,1.4,0.8,2015,Private Sector
2016-17,2266721,2219475,93209,4.1,2.6,47780,2.2,1.3,2016,Private Sector
2017-18,2725891,2662753,129335,4.7,3,64380,2.4,1.5,2017,Private Sector
2018-19,3442347,3327328,183604,5.3,3.5,67309,2,1.3,2018,Private Sector
2019-20,3776231,3625154,209568,5.5,3.6,55683,1.5,1,2019,Private Sector
2020-21,4097040,3929572,197508,4.8,3.1,55377,1.4,0.9,2020,Private Sector
2021-22,4700911.85,4553540.87,180769.1824,3.845407,2.5,43738.24408,0.960533,0.6,2021,Private Sector
2022-23,5462976.19,5366672.587,125214.2286,2.292052,1.5,29509.83043,0.549872,0.3,2022,Private Sector
2023-24,6959146.28,6861388.211,129163.511,1.856025,1.2,31593.56372,0.460454,0.3,2023,Private Sector
1996-97,27525,26853,1181,4.3,2.1,516,1.9,0.9,1996,Foreign Banks
1997-98,30972,29652,1976,6.4,3,666,2.2,1,1997,Foreign Banks
1998-99,31059,29492,2357,7.6,3.1,866,2.9,1.1,1998,Foreign Banks
1999-00,37432,35543,2614,7,3.2,855,2.4,1,1999,Foreign Banks
2000-01,45395,43063,3106,6.8,3,785,1.8,0.8,2000,Foreign Banks
2001-02,50631,48705,2726,5.4,2.4,920,1.9,0.8,2001,Foreign Banks
2002-03,54184,52171,2845,5.3,2.4,903,1.7,0.8,2002,Foreign Banks
2003-04,62632,60506,2894,4.6,2.1,933,1.5,0.7,2003,Foreign Banks
2004-05,73169,75318,2191.9492,3,1.4,639,0.8,0.4,2004,Foreign Banks
2005-06,95905,97562,1927.5805,2,1,808,0.8,0.4,2005,Foreign Banks
2006-07,124677,126339,2262.8659,1.8,0.8,927,0.7,0.3,2006,Foreign Banks
2007-08,160658,161133,2859.42,1.8,0.8,1247,0.8,0.3,2007,Foreign Banks
2008-09,169712.643,165385,6444.5125,3.8,1.4,2996.7214,1.8,0.7,2008,Foreign Banks
2009-10,167437.2919,163260,7133.5925,4.3,1.6,2977,1.8,0.7,2009,Foreign Banks
2010-11,199318,195539,5069,2.5,1,1312,0.7,0.3,2010,Foreign Banks
2011-12,234727,229849,6297,2.7,1.1,1412,0.6,0.2,2011,Foreign Banks
2012-13,268966,263680,7977,3,1.3,2663,1,0.4,2012,Foreign Banks
2013-14,299575,291142,11565,3.9,1.5,3160,1.1,0.4,2013,Foreign Banks
2014-15,336638,327599,10761,3.2,1.4,1762,0.5,0.2,2014,Foreign Banks
2015-16,376607,363551,15805,4.2,1.9,2762,0.8,0.3,2015,Foreign Banks
2016-17,343822,332335,13629,4,1.7,2137,0.6,0.3,2016,Foreign Banks
2017-18,363305,351016,13849,3.8,1.6,1548,0.4,0.2,2017,Foreign Banks
2018-19,406881,396726,12242,3,1.2,2051,0.5,0.2,2018,Foreign Banks
2019-20,436066,428076,10208,2.3,0.8,2005,0.5,0.2,2019,Foreign Banks
2020-21,420617,420780,15044,3.6,1.2,3241,0.8,0.3,2020,Foreign Banks
2021-22,476084.75,465483.9307,13786.17857,2.89574,1,3022.72041,0.649372,0.2,2021,Foreign Banks
2022-23,498738.4,491029.3719,9526.126744,1.910045,0.6,1655.902181,0.337231,0.1,2022,Foreign Banks
2023-24,546120.9,548474.14,6523.112353,1.194445,0.4,798.9879703,0.145675,0,2023,Foreign Banks
2018-19,62775,59461,1087,1.7,1.3,586,1,0.7,2018,Small Finance
2019-20,91509,90554,1709,1.9,1.3,765,0.8,0.6,2019,Small Finance
2020-21,111589,108613,5971,5.4,3.7,2981,2.7,1.8,2020,Small Finance
2021-22,140002.94,135802.3508,6910.503068,4.93597,3.4,2724.559342,2.006268,1.3,2021,Small Finance
2022-23,184808.07,177887.3876,8608.185942,4.657906,3.2,1622.429576,0.912054,0.6,2022,Small Finance
2023-24,229834.99,226148.1724,5590.371058,2.432341,1.7,1795.918627,0.794134,0.5,2023,Small Finance
2024-25,,,,2.6,,,0.6,,2024,All SCBs
